Workbook

Sheet Resumo
A1: AuraEX — Relatório de Mentorias
A3: Painel executivo • Programa 2026
A5: INDICADORES PRINCIPAIS
A6: Mentorados | C6: Sessões concluídas | E6: Marcações / pendências | G6: Progresso médio
A7: =COUNTA(Mentorados!B6:B23) | C7: =SUM(Mentorados!G6:G23) | E7: =COUNTA(Agenda!A6:A9) | G7: =IFERROR(AVERAGE(Mentorados!I6:I23),0)
A10: RESUMO POR EMPRESA
A11: Empresa | B11: Mentorados | C11: Progresso médio | D11: Concluídos | E11: Em andamento | F11: Não iniciados
A12: =Empresas!A6 | B12: =Empresas!B6 | C12: =Empresas!C6 | D12: =Empresas!D6 | E12: =Empresas!E6 | F12: =Empresas!F6
A13: =Empresas!A7 | B13: =Empresas!B7 | C13: =Empresas!C7 | D13: =Empresas!D7 | E13: =Empresas!E7 | F13: =Empresas!F7
A14: =Empresas!A8 | B14: =Empresas!B8 | C14: =Empresas!C8 | D14: =Empresas!D8 | E14: =Empresas!E8 | F14: =Empresas!F8
A15: =Empresas!A9 | B15: =Empresas!B9 | C15: =Empresas!C9 | D15: =Empresas!D9 | E15: =Empresas!E9 | F15: =Empresas!F9
A16: =Empresas!A10 | B16: =Empresas!B10 | C16: =Empresas!C10 | D16: =Empresas!D10 | E16: =Empresas!E10 | F16: =Empresas!F10
A17: =Empresas!A11 | B17: =Empresas!B11 | C17: =Empresas!C11 | D17: =Empresas!D11 | E17: =Empresas!E11 | F17: =Empresas!F11
A19: LEGENDA DE PREENCHIMENTO
A20: ok | B20: Concluída
A21: 10/08 - 14h | B21: Agendada
A22: Aguardando retorno | B22: Pendência
A23: vazio | B23: Não iniciada

Sheet Mentorados
A1: AuraEX — Cadastro de Mentorados
A3: Base organizada a partir da planilha 2026 • 18 registos
A5: ID | B5: Mentorado | C5: E-mail | D5: Telefone | E5: Empresa | F5: Estado | G5: Sessões concluídas | H5: Total de sessões | I5: Progresso | J5: Próximo passo | K5: Avaliação parcial | L5: Encerramento | M5: Relatório
A6: 1 | B6: Ana Cristina de Vasconcelos | C6: ana.vasconcelos@bbprevidencia.com.br | E6: BB | F6: Em andamento | G6: 5 | H6: 12 | I6: 0.41666667
A7: 2 | B7: Ginne Siqueira Diniz | C7: ginne.diniz@bbprevidencia.com.br | E7: BB | F7: Em andamento | G7: 4 | H7: 12 | I7: 0.33333333
A8: 3 | B8: Waldeney Lima Resky | C8: waldeney.resky@ro.sebrae.com.br | E8: SEBRAE RO | F8: Em andamento | G8: 0 | H8: 12 | I8: 0 | J8: Sessão 1: 10/07 - 15h às 16h
A9: 4 | B9: Tuannhy Rozeira Haverroth | C9: tuannhy.haverroth@ro.sebrae.com.br | E9: SEBRAE RO | F9: Em andamento | G9: 0 | H9: 12 | I9: 0 | J9: Sessão 1: 13/07 - 9h às 10h
A10: 5 | B10: Telmo Luciano Silva Neves | C10: telmo.neves@ro.sebrae.com.br | E10: SEBRAE RO | F10: Em andamento | G10: 0 | H10: 12 | I10: 0 | J10: Sessão 1: 13/07 - 10h30 às 11h30
A11: 6 | B11: Pedro Afonso Coelho Figueira | C11: pedroafonso@ro.sebrae.com.br | E11: SEBRAE RO | F11: Em andamento | G11: 0 | H11: 12 | I11: 0 | J11: Sessão 1: Licença paternidade
A12: 7 | B12: Jackeline Dantas | C12: jackelinedb@sebraesp.com.br | E12: Sebrae SP | F12: Em andamento | G12: 5 | H12: 12 | I12: 0.41666667
A13: 8 | B13: Alexandre Roman | C13: alexandre.roman@fraslemobility.com | E13: Fras-le | F13: Em andamento | G13: 5 | H13: 12 | I13: 0.41666667
A14: 9 | B14: Anderson Silva | C14: anderson.silva@fraslemobility.com | E14: Fras-le | F14: Em andamento | G14: 4 | H14: 12 | I14: 0.33333333
A15: 10 | B15: Daniel Beretta Piccoli | C15: daniel.piccoli@fraslemobility.com | E15: Fras-le | F15: Em andamento | G15: 4 | H15: 12 | I15: 0.33333333
A16: 11 | B16: Glauco Della Vecchia | C16: glauco.dellavecchia@svpworldwide.com | E16: Singer | F16: Em andamento | G16: 3 | H16: 12 | I16: 0.25
A17: 12 | B17: Yara Assia Cabra Ventura | C17: yara.cabra@edm.co.mz | E17: EDM | F17: Não iniciado | G17: 0 | H17: 12 | I17: 0
A18: 13 | B18: Assa Fumo | C18: assa.fumo@edm.co.mz | E18: EDM | F18: Não iniciado | G18: 0 | H18: 12 | I18: 0
A19: 14 | B19: Antonio Munguambe | C19: antonio.munguambe@edm.co.mz | E19: EDM | F19: Não iniciado | G19: 0 | H19: 12 | I19: 0
A20: 15 | B20: Anastácio Inácio | C20: anastacio.inacio@edm.co.mz | E20: EDM | F20: Não iniciado | G20: 0 | H20: 12 | I20: 0
A21: 16 | B21: Iolanda Seuane | C21: iolanda.seuane@edm.co.mz | E21: EDM | F21: Não iniciado | G21: 0 | H21: 12 | I21: 0
A22: 17 | B22: Francisco Inroga | C22: Francisco.Inroga@edm.co.mz | E22: EDM | F22: Não iniciado | G22: 0 | H22: 12 | I22: 0
A23: 18 | B23: Rosa Chilundo | C23: rosa.chilundo@edm.co.mz | E23: EDM | F23: Não iniciado | G23: 0 | H23: 12 | I23: 0

Sheet Sessões
A1: AuraEX — Tabela de Sessões
A3: Visão ampla para acompanhar todas as marcações
A5: ID | B5: Mentorado | C5: Empresa | D5: Sessão 1 | E5: Sessão 2 | F5: Sessão 3 | G5: Sessão 4 | H5: Sessão 5 | I5: Sessão 6 | J5: Sessão 7 | K5: Sessão 8 | L5: Sessão 9 | M5: Sessão 10 | N5: Sessão 11 | O5: Sessão 12 | P5: Concluídas | Q5: Progresso | R5: Estado
A6: 1 | B6: Ana Cristina de Vasconcelos | C6: BB | D6: ok | E6: ok | F6: ok | G6: ok | H6: ok | P6: 5 | Q6: 0.41666667 | R6: Em andamento
A7: 2 | B7: Ginne Siqueira Diniz | C7: BB | D7: ok | E7: ok | F7: ok | G7: ok | P7: 4 | Q7: 0.33333333 | R7: Em andamento
A8: 3 | B8: Waldeney Lima Resky | C8: SEBRAE RO | D8: 10/07 - 15h às 16h | P8: 0 | Q8: 0 | R8: Em andamento
A9: 4 | B9: Tuannhy Rozeira Haverroth | C9: SEBRAE RO | D9: 13/07 - 9h às 10h | P9: 0 | Q9: 0 | R9: Em andamento
A10: 5 | B10: Telmo Luciano Silva Neves | C10: SEBRAE RO | D10: 13/07 - 10h30 às 11h30 | P10: 0 | Q10: 0 | R10: Em andamento
A11: 6 | B11: Pedro Afonso Coelho Figueira | C11: SEBRAE RO | D11: Licença paternidade | P11: 0 | Q11: 0 | R11: Em andamento
A12: 7 | B12: Jackeline Dantas | C12: Sebrae SP | D12: ok | E12: ok | F12: ok | G12: ok | H12: ok | P12: 5 | Q12: 0.41666667 | R12: Em andamento
A13: 8 | B13: Alexandre Roman | C13: Fras-le | D13: ok | E13: ok | F13: ok | G13: ok | H13: ok | P13: 5 | Q13: 0.41666667 | R13: Em andamento
A14: 9 | B14: Anderson Silva | C14: Fras-le | D14: ok | E14: ok | F14: ok | G14: ok | P14: 4 | Q14: 0.33333333 | R14: Em andamento
A15: 10 | B15: Daniel Beretta Piccoli | C15: Fras-le | D15: ok | E15: ok | F15: ok | G15: ok | P15: 4 | Q15: 0.33333333 | R15: Em andamento
A16: 11 | B16: Glauco Della Vecchia | C16: Singer | D16: ok | E16: ok | F16: ok | P16: 3 | Q16: 0.25 | R16: Em andamento
A17: 12 | B17: Yara Assia Cabra Ventura | C17: EDM | P17: 0 | Q17: 0 | R17: Não iniciado
A18: 13 | B18: Assa Fumo | C18: EDM | P18: 0 | Q18: 0 | R18: Não iniciado
A19: 14 | B19: Antonio Munguambe | C19: EDM | P19: 0 | Q19: 0 | R19: Não iniciado
A20: 15 | B20: Anastácio Inácio | C20: EDM | P20: 0 | Q20: 0 | R20: Não iniciado
A21: 16 | B21: Iolanda Seuane | C21: EDM | P21: 0 | Q21: 0 | R21: Não iniciado
A22: 17 | B22: Francisco Inroga | C22: EDM | P22: 0 | Q22: 0 | R22: Não iniciado
A23: 18 | B23: Rosa Chilundo | C23: EDM | P23: 0 | Q23: 0 | R23: Não iniciado

Sheet Agenda
A1: AuraEX — Agenda e Marcações
A3: Datas e pendências identificadas nas sessões
A5: Mentorado | B5: Empresa | C5: Origem | D5: Marcação / pendência | E5: Estado
A6: Waldeney Lima Resky | B6: SEBRAE RO | C6: Sessão 1 | D6: 10/07 - 15h às 16h | E6: Agendada
A7: Tuannhy Rozeira Haverroth | B7: SEBRAE RO | C7: Sessão 1 | D7: 13/07 - 9h às 10h | E7: Agendada
A8: Telmo Luciano Silva Neves | B8: SEBRAE RO | C8: Sessão 1 | D8: 13/07 - 10h30 às 11h30 | E8: Agendada
A9: Pedro Afonso Coelho Figueira | B9: SEBRAE RO | C9: Sessão 1 | D9: Licença paternidade | E9: Pendência

Sheet Empresas
A1: AuraEX — Empresas Participantes
A3: Consolidação por organização
A5: Empresa | B5: Mentorados | C5: Progresso médio | D5: Concluídos | E5: Em andamento | F5: Não iniciados
A6: BB | B6: =COUNTIF(Mentorados!$E$6:$E$23,A6) | C6: =IFERROR(AVERAGEIF(Mentorados!$E$6:$E$23,A6,Mentorados!$I$6:$I$23),0) | D6: =COUNTIFS(Mentorados!$E$6:$E$23,A6,Mentorados!$F$6:$F$23,"Concluído") | E6: =COUNTIFS(Mentorados!$E$6:$E$23,A6,Mentorados!$F$6:$F$23,"Em andamento") | F6: =COUNTIFS(Mentorados!$E$6:$E$23,A6,Mentorados!$F$6:$F$23,"Não iniciado")
A7: EDM | B7: =COUNTIF(Mentorados!$E$6:$E$23,A7) | C7: =IFERROR(AVERAGEIF(Mentorados!$E$6:$E$23,A7,Mentorados!$I$6:$I$23),0) | D7: =COUNTIFS(Mentorados!$E$6:$E$23,A7,Mentorados!$F$6:$F$23,"Concluído") | E7: =COUNTIFS(Mentorados!$E$6:$E$23,A7,Mentorados!$F$6:$F$23,"Em andamento") | F7: =COUNTIFS(Mentorados!$E$6:$E$23,A7,Mentorados!$F$6:$F$23,"Não iniciado")
A8: Fras-le | B8: =COUNTIF(Mentorados!$E$6:$E$23,A8) | C8: =IFERROR(AVERAGEIF(Mentorados!$E$6:$E$23,A8,Mentorados!$I$6:$I$23),0) | D8: =COUNTIFS(Mentorados!$E$6:$E$23,A8,Mentorados!$F$6:$F$23,"Concluído") | E8: =COUNTIFS(Mentorados!$E$6:$E$23,A8,Mentorados!$F$6:$F$23,"Em andamento") | F8: =COUNTIFS(Mentorados!$E$6:$E$23,A8,Mentorados!$F$6:$F$23,"Não iniciado")
A9: SEBRAE RO | B9: =COUNTIF(Mentorados!$E$6:$E$23,A9) | C9: =IFERROR(AVERAGEIF(Mentorados!$E$6:$E$23,A9,Mentorados!$I$6:$I$23),0) | D9: =COUNTIFS(Mentorados!$E$6:$E$23,A9,Mentorados!$F$6:$F$23,"Concluído") | E9: =COUNTIFS(Mentorados!$E$6:$E$23,A9,Mentorados!$F$6:$F$23,"Em andamento") | F9: =COUNTIFS(Mentorados!$E$6:$E$23,A9,Mentorados!$F$6:$F$23,"Não iniciado")
A10: Sebrae SP | B10: =COUNTIF(Mentorados!$E$6:$E$23,A10) | C10: =IFERROR(AVERAGEIF(Mentorados!$E$6:$E$23,A10,Mentorados!$I$6:$I$23),0) | D10: =COUNTIFS(Mentorados!$E$6:$E$23,A10,Mentorados!$F$6:$F$23,"Concluído") | E10: =COUNTIFS(Mentorados!$E$6:$E$23,A10,Mentorados!$F$6:$F$23,"Em andamento") | F10: =COUNTIFS(Mentorados!$E$6:$E$23,A10,Mentorados!$F$6:$F$23,"Não iniciado")
A11: Singer | B11: =COUNTIF(Mentorados!$E$6:$E$23,A11) | C11: =IFERROR(AVERAGEIF(Mentorados!$E$6:$E$23,A11,Mentorados!$I$6:$I$23),0) | D11: =COUNTIFS(Mentorados!$E$6:$E$23,A11,Mentorados!$F$6:$F$23,"Concluído") | E11: =COUNTIFS(Mentorados!$E$6:$E$23,A11,Mentorados!$F$6:$F$23,"Em andamento") | F11: =COUNTIFS(Mentorados!$E$6:$E$23,A11,Mentorados!$F$6:$F$23,"Não iniciado")

Sheet Como usar
A1: AuraEX — Como usar este ficheiro
A3: Guia rápido para consulta e atualização
A6: 1 | B6: Mentorados | C6: Cadastro principal com estado, progresso e próximos passos.
A7: 2 | B7: Sessões | C7: Tabela grande com as 12 sessões. Use “ok”, data/hora ou observação.
A8: 3 | B8: Agenda | C8: Todas as datas e pendências encontradas nas sessões.
A9: 4 | B9: Empresas | C9: Consolidação automática por organização.
A10: 5 | B10: Resumo | C10: Indicadores gerais calculados automaticamente.
